--
-- PostgreSQL database dump
--

\restrict 5tT4PbF4PO0ByNtFPdxn5r1YUzd3RDs8e7gjsKiaz9nW7mPxukFUDKSDjC2AQcl

-- Dumped from database version 18.1
-- Dumped by pg_dump version 18.1

SET statement_timeout = 0;
SET lock_timeout = 0;
SET idle_in_transaction_session_timeout = 0;
SET transaction_timeout = 0;
SET client_encoding = 'UTF8';
SET standard_conforming_strings = on;
SELECT pg_catalog.set_config('search_path', '', false);
SET check_function_bodies = false;
SET xmloption = content;
SET client_min_messages = warning;
SET row_security = off;

SET default_tablespace = '';

SET default_table_access_method = heap;

--
-- Name: auth_group; Type: TABLE; Schema: public; Owner: postgres
--

CREATE TABLE public.auth_group (
    id integer NOT NULL,
    name character varying(150) NOT NULL
);


ALTER TABLE public.auth_group OWNER TO postgres;

--
-- Name: auth_group_id_seq; Type: SEQUENCE; Schema: public; Owner: postgres
--

ALTER TABLE public.auth_group ALTER COLUMN id ADD GENERATED BY DEFAULT AS IDENTITY (
    SEQUENCE NAME public.auth_group_id_seq
    START WITH 1
    INCREMENT BY 1
    NO MINVALUE
    NO MAXVALUE
    CACHE 1
);


--
-- Name: auth_group_permissions; Type: TABLE; Schema: public; Owner: postgres
--

CREATE TABLE public.auth_group_permissions (
    id bigint NOT NULL,
    group_id integer NOT NULL,
    permission_id integer NOT NULL
);


ALTER TABLE public.auth_group_permissions OWNER TO postgres;

--
-- Name: auth_group_permissions_id_seq; Type: SEQUENCE; Schema: public; Owner: postgres
--

ALTER TABLE public.auth_group_permissions ALTER COLUMN id ADD GENERATED BY DEFAULT AS IDENTITY (
    SEQUENCE NAME public.auth_group_permissions_id_seq
    START WITH 1
    INCREMENT BY 1
    NO MINVALUE
    NO MAXVALUE
    CACHE 1
);


--
-- Name: auth_permission; Type: TABLE; Schema: public; Owner: postgres
--

CREATE TABLE public.auth_permission (
    id integer NOT NULL,
    name character varying(255) NOT NULL,
    content_type_id integer NOT NULL,
    codename character varying(100) NOT NULL
);


ALTER TABLE public.auth_permission OWNER TO postgres;

--
-- Name: auth_permission_id_seq; Type: SEQUENCE; Schema: public; Owner: postgres
--

ALTER TABLE public.auth_permission ALTER COLUMN id ADD GENERATED BY DEFAULT AS IDENTITY (
    SEQUENCE NAME public.auth_permission_id_seq
    START WITH 1
    INCREMENT BY 1
    NO MINVALUE
    NO MAXVALUE
    CACHE 1
);


--
-- Name: auth_user; Type: TABLE; Schema: public; Owner: postgres
--

CREATE TABLE public.auth_user (
    id integer NOT NULL,
    password character varying(128) NOT NULL,
    last_login timestamp with time zone,
    is_superuser boolean NOT NULL,
    username character varying(150) NOT NULL,
    first_name character varying(150) NOT NULL,
    last_name character varying(150) NOT NULL,
    email character varying(254) NOT NULL,
    is_staff boolean NOT NULL,
    is_active boolean NOT NULL,
    date_joined timestamp with time zone NOT NULL
);


ALTER TABLE public.auth_user OWNER TO postgres;

--
-- Name: auth_user_groups; Type: TABLE; Schema: public; Owner: postgres
--

CREATE TABLE public.auth_user_groups (
    id bigint NOT NULL,
    user_id integer NOT NULL,
    group_id integer NOT NULL
);


ALTER TABLE public.auth_user_groups OWNER TO postgres;

--
-- Name: auth_user_groups_id_seq; Type: SEQUENCE; Schema: public; Owner: postgres
--

ALTER TABLE public.auth_user_groups ALTER COLUMN id ADD GENERATED BY DEFAULT AS IDENTITY (
    SEQUENCE NAME public.auth_user_groups_id_seq
    START WITH 1
    INCREMENT BY 1
    NO MINVALUE
    NO MAXVALUE
    CACHE 1
);


--
-- Name: auth_user_id_seq; Type: SEQUENCE; Schema: public; Owner: postgres
--

ALTER TABLE public.auth_user ALTER COLUMN id ADD GENERATED BY DEFAULT AS IDENTITY (
    SEQUENCE NAME public.auth_user_id_seq
    START WITH 1
    INCREMENT BY 1
    NO MINVALUE
    NO MAXVALUE
    CACHE 1
);


--
-- Name: auth_user_user_permissions; Type: TABLE; Schema: public; Owner: postgres
--

CREATE TABLE public.auth_user_user_permissions (
    id bigint NOT NULL,
    user_id integer NOT NULL,
    permission_id integer NOT NULL
);


ALTER TABLE public.auth_user_user_permissions OWNER TO postgres;

--
-- Name: auth_user_user_permissions_id_seq; Type: SEQUENCE; Schema: public; Owner: postgres
--

ALTER TABLE public.auth_user_user_permissions ALTER COLUMN id ADD GENERATED BY DEFAULT AS IDENTITY (
    SEQUENCE NAME public.auth_user_user_permissions_id_seq
    START WITH 1
    INCREMENT BY 1
    NO MINVALUE
    NO MAXVALUE
    CACHE 1
);


--
-- Name: django_admin_log; Type: TABLE; Schema: public; Owner: postgres
--

CREATE TABLE public.django_admin_log (
    id integer NOT NULL,
    action_time timestamp with time zone NOT NULL,
    object_id text,
    object_repr character varying(200) NOT NULL,
    action_flag smallint NOT NULL,
    change_message text NOT NULL,
    content_type_id integer,
    user_id integer NOT NULL,
    CONSTRAINT django_admin_log_action_flag_check CHECK ((action_flag >= 0))
);


ALTER TABLE public.django_admin_log OWNER TO postgres;

--
-- Name: django_admin_log_id_seq; Type: SEQUENCE; Schema: public; Owner: postgres
--

ALTER TABLE public.django_admin_log ALTER COLUMN id ADD GENERATED BY DEFAULT AS IDENTITY (
    SEQUENCE NAME public.django_admin_log_id_seq
    START WITH 1
    INCREMENT BY 1
    NO MINVALUE
    NO MAXVALUE
    CACHE 1
);


--
-- Name: django_content_type; Type: TABLE; Schema: public; Owner: postgres
--

CREATE TABLE public.django_content_type (
    id integer NOT NULL,
    app_label character varying(100) NOT NULL,
    model character varying(100) NOT NULL
);


ALTER TABLE public.django_content_type OWNER TO postgres;

--
-- Name: django_content_type_id_seq; Type: SEQUENCE; Schema: public; Owner: postgres
--

ALTER TABLE public.django_content_type ALTER COLUMN id ADD GENERATED BY DEFAULT AS IDENTITY (
    SEQUENCE NAME public.django_content_type_id_seq
    START WITH 1
    INCREMENT BY 1
    NO MINVALUE
    NO MAXVALUE
    CACHE 1
);


--
-- Name: django_migrations; Type: TABLE; Schema: public; Owner: postgres
--

CREATE TABLE public.django_migrations (
    id bigint NOT NULL,
    app character varying(255) NOT NULL,
    name character varying(255) NOT NULL,
    applied timestamp with time zone NOT NULL
);


ALTER TABLE public.django_migrations OWNER TO postgres;

--
-- Name: django_migrations_id_seq; Type: SEQUENCE; Schema: public; Owner: postgres
--

ALTER TABLE public.django_migrations ALTER COLUMN id ADD GENERATED BY DEFAULT AS IDENTITY (
    SEQUENCE NAME public.django_migrations_id_seq
    START WITH 1
    INCREMENT BY 1
    NO MINVALUE
    NO MAXVALUE
    CACHE 1
);


--
-- Name: django_session; Type: TABLE; Schema: public; Owner: postgres
--

CREATE TABLE public.django_session (
    session_key character varying(40) NOT NULL,
    session_data text NOT NULL,
    expire_date timestamp with time zone NOT NULL
);


ALTER TABLE public.django_session OWNER TO postgres;

--
-- Name: gym_classregistration; Type: TABLE; Schema: public; Owner: postgres
--

CREATE TABLE public.gym_classregistration (
    id bigint NOT NULL,
    registration_date timestamp with time zone NOT NULL,
    client_id bigint NOT NULL,
    workout_class_id bigint NOT NULL
);


ALTER TABLE public.gym_classregistration OWNER TO postgres;

--
-- Name: gym_classregistration_id_seq; Type: SEQUENCE; Schema: public; Owner: postgres
--

ALTER TABLE public.gym_classregistration ALTER COLUMN id ADD GENERATED BY DEFAULT AS IDENTITY (
    SEQUENCE NAME public.gym_classregistration_id_seq
    START WITH 1
    INCREMENT BY 1
    NO MINVALUE
    NO MAXVALUE
    CACHE 1
);


--
-- Name: gym_client; Type: TABLE; Schema: public; Owner: postgres
--

CREATE TABLE public.gym_client (
    id bigint NOT NULL,
    phone character varying(20) NOT NULL,
    birth_date date,
    user_id integer NOT NULL
);


ALTER TABLE public.gym_client OWNER TO postgres;

--
-- Name: gym_client_id_seq; Type: SEQUENCE; Schema: public; Owner: postgres
--

ALTER TABLE public.gym_client ALTER COLUMN id ADD GENERATED BY DEFAULT AS IDENTITY (
    SEQUENCE NAME public.gym_client_id_seq
    START WITH 1
    INCREMENT BY 1
    NO MINVALUE
    NO MAXVALUE
    CACHE 1
);


--
-- Name: gym_clientmembership; Type: TABLE; Schema: public; Owner: postgres
--

CREATE TABLE public.gym_clientmembership (
    id bigint NOT NULL,
    start_date date NOT NULL,
    end_date date NOT NULL,
    remaining_visits integer NOT NULL,
    client_id bigint NOT NULL,
    membership_type_id bigint NOT NULL
);


ALTER TABLE public.gym_clientmembership OWNER TO postgres;

--
-- Name: gym_clientmembership_id_seq; Type: SEQUENCE; Schema: public; Owner: postgres
--

ALTER TABLE public.gym_clientmembership ALTER COLUMN id ADD GENERATED BY DEFAULT AS IDENTITY (
    SEQUENCE NAME public.gym_clientmembership_id_seq
    START WITH 1
    INCREMENT BY 1
    NO MINVALUE
    NO MAXVALUE
    CACHE 1
);


--
-- Name: gym_membershiptype; Type: TABLE; Schema: public; Owner: postgres
--

CREATE TABLE public.gym_membershiptype (
    id bigint NOT NULL,
    name character varying(100) NOT NULL,
    description text NOT NULL,
    price numeric(8,2) NOT NULL,
    duration_days integer NOT NULL,
    visits_count integer NOT NULL
);


ALTER TABLE public.gym_membershiptype OWNER TO postgres;

--
-- Name: gym_membershiptype_id_seq; Type: SEQUENCE; Schema: public; Owner: postgres
--

ALTER TABLE public.gym_membershiptype ALTER COLUMN id ADD GENERATED BY DEFAULT AS IDENTITY (
    SEQUENCE NAME public.gym_membershiptype_id_seq
    START WITH 1
    INCREMENT BY 1
    NO MINVALUE
    NO MAXVALUE
    CACHE 1
);


--
-- Name: gym_payment; Type: TABLE; Schema: public; Owner: postgres
--

CREATE TABLE public.gym_payment (
    id bigint NOT NULL,
    amount numeric(8,2) NOT NULL,
    payment_date timestamp with time zone NOT NULL,
    description text NOT NULL,
    client_id bigint NOT NULL
);


ALTER TABLE public.gym_payment OWNER TO postgres;

--
-- Name: gym_payment_id_seq; Type: SEQUENCE; Schema: public; Owner: postgres
--

ALTER TABLE public.gym_payment ALTER COLUMN id ADD GENERATED BY DEFAULT AS IDENTITY (
    SEQUENCE NAME public.gym_payment_id_seq
    START WITH 1
    INCREMENT BY 1
    NO MINVALUE
    NO MAXVALUE
    CACHE 1
);


--
-- Name: gym_trainer; Type: TABLE; Schema: public; Owner: postgres
--

CREATE TABLE public.gym_trainer (
    id bigint NOT NULL,
    phone character varying(20) NOT NULL,
    specialization character varying(100) NOT NULL,
    experience integer NOT NULL,
    user_id integer NOT NULL
);


ALTER TABLE public.gym_trainer OWNER TO postgres;

--
-- Name: gym_trainer_id_seq; Type: SEQUENCE; Schema: public; Owner: postgres
--

ALTER TABLE public.gym_trainer ALTER COLUMN id ADD GENERATED BY DEFAULT AS IDENTITY (
    SEQUENCE NAME public.gym_trainer_id_seq
    START WITH 1
    INCREMENT BY 1
    NO MINVALUE
    NO MAXVALUE
    CACHE 1
);


--
-- Name: gym_visit; Type: TABLE; Schema: public; Owner: postgres
--

CREATE TABLE public.gym_visit (
    id bigint NOT NULL,
    check_in timestamp with time zone NOT NULL,
    check_out timestamp with time zone,
    client_id bigint NOT NULL
);


ALTER TABLE public.gym_visit OWNER TO postgres;

--
-- Name: gym_visit_id_seq; Type: SEQUENCE; Schema: public; Owner: postgres
--

ALTER TABLE public.gym_visit ALTER COLUMN id ADD GENERATED BY DEFAULT AS IDENTITY (
    SEQUENCE NAME public.gym_visit_id_seq
    START WITH 1
    INCREMENT BY 1
    NO MINVALUE
    NO MAXVALUE
    CACHE 1
);


--
-- Name: gym_workoutclass; Type: TABLE; Schema: public; Owner: postgres
--

CREATE TABLE public.gym_workoutclass (
    id bigint NOT NULL,
    name character varying(100) NOT NULL,
    start_time timestamp with time zone NOT NULL,
    duration integer NOT NULL,
    trainer_id bigint NOT NULL,
    workout_type_id bigint NOT NULL
);


ALTER TABLE public.gym_workoutclass OWNER TO postgres;

--
-- Name: gym_workoutclass_id_seq; Type: SEQUENCE; Schema: public; Owner: postgres
--

ALTER TABLE public.gym_workoutclass ALTER COLUMN id ADD GENERATED BY DEFAULT AS IDENTITY (
    SEQUENCE NAME public.gym_workoutclass_id_seq
    START WITH 1
    INCREMENT BY 1
    NO MINVALUE
    NO MAXVALUE
    CACHE 1
);


--
-- Name: gym_workouttype; Type: TABLE; Schema: public; Owner: postgres
--

CREATE TABLE public.gym_workouttype (
    id bigint NOT NULL,
    name character varying(100) NOT NULL,
    description text NOT NULL
);


ALTER TABLE public.gym_workouttype OWNER TO postgres;

--
-- Name: gym_workouttype_id_seq; Type: SEQUENCE; Schema: public; Owner: postgres
--

ALTER TABLE public.gym_workouttype ALTER COLUMN id ADD GENERATED BY DEFAULT AS IDENTITY (
    SEQUENCE NAME public.gym_workouttype_id_seq
    START WITH 1
    INCREMENT BY 1
    NO MINVALUE
    NO MAXVALUE
    CACHE 1
);


--
-- Data for Name: auth_group; Type: TABLE DATA; Schema: public; Owner: postgres
--

COPY public.auth_group (id, name) FROM stdin;
\.


--
-- Data for Name: auth_group_permissions; Type: TABLE DATA; Schema: public; Owner: postgres
--

COPY public.auth_group_permissions (id, group_id, permission_id) FROM stdin;
\.


--
-- Data for Name: auth_permission; Type: TABLE DATA; Schema: public; Owner: postgres
--

COPY public.auth_permission (id, name, content_type_id, codename) FROM stdin;
1	Can add log entry	1	add_logentry
2	Can change log entry	1	change_logentry
3	Can delete log entry	1	delete_logentry
4	Can view log entry	1	view_logentry
5	Can add permission	2	add_permission
6	Can change permission	2	change_permission
7	Can delete permission	2	delete_permission
8	Can view permission	2	view_permission
9	Can add group	3	add_group
10	Can change group	3	change_group
11	Can delete group	3	delete_group
12	Can view group	3	view_group
13	Can add user	4	add_user
14	Can change user	4	change_user
15	Can delete user	4	delete_user
16	Can view user	4	view_user
17	Can add content type	5	add_contenttype
18	Can change content type	5	change_contenttype
19	Can delete content type	5	delete_contenttype
20	Can view content type	5	view_contenttype
21	Can add session	6	add_session
22	Can change session	6	change_session
23	Can delete session	6	delete_session
24	Can view session	6	view_session
25	Can add membership type	7	add_membershiptype
26	Can change membership type	7	change_membershiptype
27	Can delete membership type	7	delete_membershiptype
28	Can view membership type	7	view_membershiptype
29	Can add workout type	8	add_workouttype
30	Can change workout type	8	change_workouttype
31	Can delete workout type	8	delete_workouttype
32	Can view workout type	8	view_workouttype
33	Can add client	9	add_client
34	Can change client	9	change_client
35	Can delete client	9	delete_client
36	Can view client	9	view_client
37	Can add client membership	10	add_clientmembership
38	Can change client membership	10	change_clientmembership
39	Can delete client membership	10	delete_clientmembership
40	Can view client membership	10	view_clientmembership
41	Can add payment	11	add_payment
42	Can change payment	11	change_payment
43	Can delete payment	11	delete_payment
44	Can view payment	11	view_payment
45	Can add trainer	12	add_trainer
46	Can change trainer	12	change_trainer
47	Can delete trainer	12	delete_trainer
48	Can view trainer	12	view_trainer
49	Can add visit	13	add_visit
50	Can change visit	13	change_visit
51	Can delete visit	13	delete_visit
52	Can view visit	13	view_visit
53	Can add workout class	14	add_workoutclass
54	Can change workout class	14	change_workoutclass
55	Can delete workout class	14	delete_workoutclass
56	Can view workout class	14	view_workoutclass
57	Can add class registration	15	add_classregistration
58	Can change class registration	15	change_classregistration
59	Can delete class registration	15	delete_classregistration
60	Can view class registration	15	view_classregistration
\.


--
-- Data for Name: auth_user; Type: TABLE DATA; Schema: public; Owner: postgres
--

COPY public.auth_user (id, password, last_login, is_superuser, username, first_name, last_name, email, is_staff, is_active, date_joined) FROM stdin;
1	pbkdf2_sha256$1000000$6KilNN1zKphH73V7eF6epJ$6rgMUHpdxIzYPi2GF9eo9s9ADwz+74VDYYO3QRswjdI=	2025-12-25 20:46:32.61587+03	t	cute_cookie				t	t	2025-12-25 00:40:02.970847+03
2	pbkdf2_sha256$1000000$A5rzVMFNgRJj5OMZ5hAQQT$84kk1sQP64L+Gey8XI8KhonjKcffEe2PJEEuVwosq9o=	2025-12-25 20:47:58+03	f	ILoveCats	Александра	Попова	catkittymeow@mail.com	f	t	2025-12-25 20:47:20+03
\.


--
-- Data for Name: auth_user_groups; Type: TABLE DATA; Schema: public; Owner: postgres
--

COPY public.auth_user_groups (id, user_id, group_id) FROM stdin;
\.


--
-- Data for Name: auth_user_user_permissions; Type: TABLE DATA; Schema: public; Owner: postgres
--

COPY public.auth_user_user_permissions (id, user_id, permission_id) FROM stdin;
\.


--
-- Data for Name: django_admin_log; Type: TABLE DATA; Schema: public; Owner: postgres
--

COPY public.django_admin_log (id, action_time, object_id, object_repr, action_flag, change_message, content_type_id, user_id) FROM stdin;
1	2025-12-25 20:47:21.02111+03	2	ILoveCats	1	[{"added": {}}]	4	1
2	2025-12-25 20:48:32.613341+03	2	ILoveCats	2	[{"changed": {"fields": ["First name", "Last name", "Email address", "Last login"]}}]	4	1
3	2025-12-25 20:48:42.532291+03	2	ILoveCats	2	[]	4	1
4	2025-12-25 20:49:24.456308+03	1	Александра Попова	1	[{"added": {}}]	9	1
\.


--
-- Data for Name: django_content_type; Type: TABLE DATA; Schema: public; Owner: postgres
--

COPY public.django_content_type (id, app_label, model) FROM stdin;
1	admin	logentry
2	auth	permission
3	auth	group
4	auth	user
5	contenttypes	contenttype
6	sessions	session
7	gym	membershiptype
8	gym	workouttype
9	gym	client
10	gym	clientmembership
11	gym	payment
12	gym	trainer
13	gym	visit
14	gym	workoutclass
15	gym	classregistration
\.


--
-- Data for Name: django_migrations; Type: TABLE DATA; Schema: public; Owner: postgres
--

COPY public.django_migrations (id, app, name, applied) FROM stdin;
1	contenttypes	0001_initial	2025-12-25 00:39:05.33589+03
2	auth	0001_initial	2025-12-25 00:39:05.378446+03
3	admin	0001_initial	2025-12-25 00:39:05.389448+03
4	admin	0002_logentry_remove_auto_add	2025-12-25 00:39:05.392448+03
5	admin	0003_logentry_add_action_flag_choices	2025-12-25 00:39:05.395572+03
6	contenttypes	0002_remove_content_type_name	2025-12-25 00:39:05.403572+03
7	auth	0002_alter_permission_name_max_length	2025-12-25 00:39:05.406903+03
8	auth	0003_alter_user_email_max_length	2025-12-25 00:39:05.410559+03
9	auth	0004_alter_user_username_opts	2025-12-25 00:39:05.414559+03
10	auth	0005_alter_user_last_login_null	2025-12-25 00:39:05.41756+03
11	auth	0006_require_contenttypes_0002	2025-12-25 00:39:05.41856+03
12	auth	0007_alter_validators_add_error_messages	2025-12-25 00:39:05.421561+03
13	auth	0008_alter_user_username_max_length	2025-12-25 00:39:05.427882+03
14	auth	0009_alter_user_last_name_max_length	2025-12-25 00:39:05.432002+03
15	auth	0010_alter_group_name_max_length	2025-12-25 00:39:05.435883+03
16	auth	0011_update_proxy_permissions	2025-12-25 00:39:05.438645+03
17	auth	0012_alter_user_first_name_max_length	2025-12-25 00:39:05.442747+03
18	gym	0001_initial	2025-12-25 00:39:05.513589+03
19	sessions	0001_initial	2025-12-25 00:39:05.519588+03
\.


--
-- Data for Name: django_session; Type: TABLE DATA; Schema: public; Owner: postgres
--

COPY public.django_session (session_key, session_data, expire_date) FROM stdin;
elckxzb2liu6i2jmvsln1495mdiwfsj6	.eJxVjEEOwiAQRe_C2hCgDBSX7j0DmWFAqoYmpV0Z765NutDtf-_9l4i4rTVuPS9xYnEWWpx-N8L0yG0HfMd2m2Wa27pMJHdFHrTL68z5eTncv4OKvX5rlb2GhKA0BY1OkSbjLTk2AD4EAxx84WKzs2DQ0MhKIRRMIw8Y9CDeH85MN5I:1vYWbM:V9H28iqINwOynP-trhYm-E1YbP8Bp5gUHG_RyXDAl0M	2026-01-08 00:41:00.590656+03
ibhtdkctvw6o8sghoyh5gxi2q3y1j659	.eJxVjEEOwiAQRe_C2hCgDBSX7j0DmWFAqoYmpV0Z765NutDtf-_9l4i4rTVuPS9xYnEWWpx-N8L0yG0HfMd2m2Wa27pMJHdFHrTL68z5eTncv4OKvX5rlb2GhKA0BY1OkSbjLTk2AD4EAxx84WKzs2DQ0MhKIRRMIw8Y9CDeH85MN5I:1vYpQ0:RgxCqvKjCtcfBguSUju7qnJBXX9qlgjHHHo509hsIug	2026-01-08 20:46:32.618045+03
\.


--
-- Data for Name: gym_classregistration; Type: TABLE DATA; Schema: public; Owner: postgres
--

COPY public.gym_classregistration (id, registration_date, client_id, workout_class_id) FROM stdin;
\.


--
-- Data for Name: gym_client; Type: TABLE DATA; Schema: public; Owner: postgres
--

COPY public.gym_client (id, phone, birth_date, user_id) FROM stdin;
1	+7 904 347 15 13	1992-04-22	2
\.


--
-- Data for Name: gym_clientmembership; Type: TABLE DATA; Schema: public; Owner: postgres
--

COPY public.gym_clientmembership (id, start_date, end_date, remaining_visits, client_id, membership_type_id) FROM stdin;
\.


--
-- Data for Name: gym_membershiptype; Type: TABLE DATA; Schema: public; Owner: postgres
--

COPY public.gym_membershiptype (id, name, description, price, duration_days, visits_count) FROM stdin;
\.


--
-- Data for Name: gym_payment; Type: TABLE DATA; Schema: public; Owner: postgres
--

COPY public.gym_payment (id, amount, payment_date, description, client_id) FROM stdin;
\.


--
-- Data for Name: gym_trainer; Type: TABLE DATA; Schema: public; Owner: postgres
--

COPY public.gym_trainer (id, phone, specialization, experience, user_id) FROM stdin;
\.


--
-- Data for Name: gym_visit; Type: TABLE DATA; Schema: public; Owner: postgres
--

COPY public.gym_visit (id, check_in, check_out, client_id) FROM stdin;
\.


--
-- Data for Name: gym_workoutclass; Type: TABLE DATA; Schema: public; Owner: postgres
--

COPY public.gym_workoutclass (id, name, start_time, duration, trainer_id, workout_type_id) FROM stdin;
\.


--
-- Data for Name: gym_workouttype; Type: TABLE DATA; Schema: public; Owner: postgres
--

COPY public.gym_workouttype (id, name, description) FROM stdin;
\.


--
-- Name: auth_group_id_seq; Type: SEQUENCE SET; Schema: public; Owner: postgres
--

SELECT pg_catalog.setval('public.auth_group_id_seq', 1, false);


--
-- Name: auth_group_permissions_id_seq; Type: SEQUENCE SET; Schema: public; Owner: postgres
--

SELECT pg_catalog.setval('public.auth_group_permissions_id_seq', 1, false);


--
-- Name: auth_permission_id_seq; Type: SEQUENCE SET; Schema: public; Owner: postgres
--

SELECT pg_catalog.setval('public.auth_permission_id_seq', 60, true);


--
-- Name: auth_user_groups_id_seq; Type: SEQUENCE SET; Schema: public; Owner: postgres
--

SELECT pg_catalog.setval('public.auth_user_groups_id_seq', 1, false);


--
-- Name: auth_user_id_seq; Type: SEQUENCE SET; Schema: public; Owner: postgres
--

SELECT pg_catalog.setval('public.auth_user_id_seq', 2, true);


--
-- Name: auth_user_user_permissions_id_seq; Type: SEQUENCE SET; Schema: public; Owner: postgres
--

SELECT pg_catalog.setval('public.auth_user_user_permissions_id_seq', 1, false);


--
-- Name: django_admin_log_id_seq; Type: SEQUENCE SET; Schema: public; Owner: postgres
--

SELECT pg_catalog.setval('public.django_admin_log_id_seq', 4, true);


--
-- Name: django_content_type_id_seq; Type: SEQUENCE SET; Schema: public; Owner: postgres
--

SELECT pg_catalog.setval('public.django_content_type_id_seq', 15, true);


--
-- Name: django_migrations_id_seq; Type: SEQUENCE SET; Schema: public; Owner: postgres
--

SELECT pg_catalog.setval('public.django_migrations_id_seq', 19, true);


--
-- Name: gym_classregistration_id_seq; Type: SEQUENCE SET; Schema: public; Owner: postgres
--

SELECT pg_catalog.setval('public.gym_classregistration_id_seq', 1, false);


--
-- Name: gym_client_id_seq; Type: SEQUENCE SET; Schema: public; Owner: postgres
--

SELECT pg_catalog.setval('public.gym_client_id_seq', 1, true);


--
-- Name: gym_clientmembership_id_seq; Type: SEQUENCE SET; Schema: public; Owner: postgres
--

SELECT pg_catalog.setval('public.gym_clientmembership_id_seq', 1, false);


--
-- Name: gym_membershiptype_id_seq; Type: SEQUENCE SET; Schema: public; Owner: postgres
--

SELECT pg_catalog.setval('public.gym_membershiptype_id_seq', 1, false);


--
-- Name: gym_payment_id_seq; Type: SEQUENCE SET; Schema: public; Owner: postgres
--

SELECT pg_catalog.setval('public.gym_payment_id_seq', 1, false);


--
-- Name: gym_trainer_id_seq; Type: SEQUENCE SET; Schema: public; Owner: postgres
--

SELECT pg_catalog.setval('public.gym_trainer_id_seq', 1, false);


--
-- Name: gym_visit_id_seq; Type: SEQUENCE SET; Schema: public; Owner: postgres
--

SELECT pg_catalog.setval('public.gym_visit_id_seq', 1, false);


--
-- Name: gym_workoutclass_id_seq; Type: SEQUENCE SET; Schema: public; Owner: postgres
--

SELECT pg_catalog.setval('public.gym_workoutclass_id_seq', 1, false);


--
-- Name: gym_workouttype_id_seq; Type: SEQUENCE SET; Schema: public; Owner: postgres
--

SELECT pg_catalog.setval('public.gym_workouttype_id_seq', 1, false);


--
-- Name: auth_group auth_group_name_key; Type: CONSTRAINT; Schema: public; Owner: postgres
--

ALTER TABLE ONLY public.auth_group
    ADD CONSTRAINT auth_group_name_key UNIQUE (name);


--
-- Name: auth_group_permissions auth_group_permissions_group_id_permission_id_0cd325b0_uniq; Type: CONSTRAINT; Schema: public; Owner: postgres
--

ALTER TABLE ONLY public.auth_group_permissions
    ADD CONSTRAINT auth_group_permissions_group_id_permission_id_0cd325b0_uniq UNIQUE (group_id, permission_id);


--
-- Name: auth_group_permissions auth_group_permissions_pkey; Type: CONSTRAINT; Schema: public; Owner: postgres
--

ALTER TABLE ONLY public.auth_group_permissions
    ADD CONSTRAINT auth_group_permissions_pkey PRIMARY KEY (id);


--
-- Name: auth_group auth_group_pkey; Type: CONSTRAINT; Schema: public; Owner: postgres
--

ALTER TABLE ONLY public.auth_group
    ADD CONSTRAINT auth_group_pkey PRIMARY KEY (id);


--
-- Name: auth_permission auth_permission_content_type_id_codename_01ab375a_uniq; Type: CONSTRAINT; Schema: public; Owner: postgres
--

ALTER TABLE ONLY public.auth_permission
    ADD CONSTRAINT auth_permission_content_type_id_codename_01ab375a_uniq UNIQUE (content_type_id, codename);


--
-- Name: auth_permission auth_permission_pkey; Type: CONSTRAINT; Schema: public; Owner: postgres
--

ALTER TABLE ONLY public.auth_permission
    ADD CONSTRAINT auth_permission_pkey PRIMARY KEY (id);


--
-- Name: auth_user_groups auth_user_groups_pkey; Type: CONSTRAINT; Schema: public; Owner: postgres
--

ALTER TABLE ONLY public.auth_user_groups
    ADD CONSTRAINT auth_user_groups_pkey PRIMARY KEY (id);


--
-- Name: auth_user_groups auth_user_groups_user_id_group_id_94350c0c_uniq; Type: CONSTRAINT; Schema: public; Owner: postgres
--

ALTER TABLE ONLY public.auth_user_groups
    ADD CONSTRAINT auth_user_groups_user_id_group_id_94350c0c_uniq UNIQUE (user_id, group_id);


--
-- Name: auth_user auth_user_pkey; Type: CONSTRAINT; Schema: public; Owner: postgres
--

ALTER TABLE ONLY public.auth_user
    ADD CONSTRAINT auth_user_pkey PRIMARY KEY (id);


--
-- Name: auth_user_user_permissions auth_user_user_permissions_pkey; Type: CONSTRAINT; Schema: public; Owner: postgres
--

ALTER TABLE ONLY public.auth_user_user_permissions
    ADD CONSTRAINT auth_user_user_permissions_pkey PRIMARY KEY (id);


--
-- Name: auth_user_user_permissions auth_user_user_permissions_user_id_permission_id_14a6b632_uniq; Type: CONSTRAINT; Schema: public; Owner: postgres
--

ALTER TABLE ONLY public.auth_user_user_permissions
    ADD CONSTRAINT auth_user_user_permissions_user_id_permission_id_14a6b632_uniq UNIQUE (user_id, permission_id);


--
-- Name: auth_user auth_user_username_key; Type: CONSTRAINT; Schema: public; Owner: postgres
--

ALTER TABLE ONLY public.auth_user
    ADD CONSTRAINT auth_user_username_key UNIQUE (username);


--
-- Name: django_admin_log django_admin_log_pkey; Type: CONSTRAINT; Schema: public; Owner: postgres
--

ALTER TABLE ONLY public.django_admin_log
    ADD CONSTRAINT django_admin_log_pkey PRIMARY KEY (id);


--
-- Name: django_content_type django_content_type_app_label_model_76bd3d3b_uniq; Type: CONSTRAINT; Schema: public; Owner: postgres
--

ALTER TABLE ONLY public.django_content_type
    ADD CONSTRAINT django_content_type_app_label_model_76bd3d3b_uniq UNIQUE (app_label, model);


--
-- Name: django_content_type django_content_type_pkey; Type: CONSTRAINT; Schema: public; Owner: postgres
--

ALTER TABLE ONLY public.django_content_type
    ADD CONSTRAINT django_content_type_pkey PRIMARY KEY (id);


--
-- Name: django_migrations django_migrations_pkey; Type: CONSTRAINT; Schema: public; Owner: postgres
--

ALTER TABLE ONLY public.django_migrations
    ADD CONSTRAINT django_migrations_pkey PRIMARY KEY (id);


--
-- Name: django_session django_session_pkey; Type: CONSTRAINT; Schema: public; Owner: postgres
--

ALTER TABLE ONLY public.django_session
    ADD CONSTRAINT django_session_pkey PRIMARY KEY (session_key);


--
-- Name: gym_classregistration gym_classregistration_pkey; Type: CONSTRAINT; Schema: public; Owner: postgres
--

ALTER TABLE ONLY public.gym_classregistration
    ADD CONSTRAINT gym_classregistration_pkey PRIMARY KEY (id);


--
-- Name: gym_client gym_client_pkey; Type: CONSTRAINT; Schema: public; Owner: postgres
--

ALTER TABLE ONLY public.gym_client
    ADD CONSTRAINT gym_client_pkey PRIMARY KEY (id);


--
-- Name: gym_client gym_client_user_id_key; Type: CONSTRAINT; Schema: public; Owner: postgres
--

ALTER TABLE ONLY public.gym_client
    ADD CONSTRAINT gym_client_user_id_key UNIQUE (user_id);


--
-- Name: gym_clientmembership gym_clientmembership_pkey; Type: CONSTRAINT; Schema: public; Owner: postgres
--

ALTER TABLE ONLY public.gym_clientmembership
    ADD CONSTRAINT gym_clientmembership_pkey PRIMARY KEY (id);


--
-- Name: gym_membershiptype gym_membershiptype_pkey; Type: CONSTRAINT; Schema: public; Owner: postgres
--

ALTER TABLE ONLY public.gym_membershiptype
    ADD CONSTRAINT gym_membershiptype_pkey PRIMARY KEY (id);


--
-- Name: gym_payment gym_payment_pkey; Type: CONSTRAINT; Schema: public; Owner: postgres
--

ALTER TABLE ONLY public.gym_payment
    ADD CONSTRAINT gym_payment_pkey PRIMARY KEY (id);


--
-- Name: gym_trainer gym_trainer_pkey; Type: CONSTRAINT; Schema: public; Owner: postgres
--

ALTER TABLE ONLY public.gym_trainer
    ADD CONSTRAINT gym_trainer_pkey PRIMARY KEY (id);


--
-- Name: gym_trainer gym_trainer_user_id_key; Type: CONSTRAINT; Schema: public; Owner: postgres
--

ALTER TABLE ONLY public.gym_trainer
    ADD CONSTRAINT gym_trainer_user_id_key UNIQUE (user_id);


--
-- Name: gym_visit gym_visit_pkey; Type: CONSTRAINT; Schema: public; Owner: postgres
--

ALTER TABLE ONLY public.gym_visit
    ADD CONSTRAINT gym_visit_pkey PRIMARY KEY (id);


--
-- Name: gym_workoutclass gym_workoutclass_pkey; Type: CONSTRAINT; Schema: public; Owner: postgres
--

ALTER TABLE ONLY public.gym_workoutclass
    ADD CONSTRAINT gym_workoutclass_pkey PRIMARY KEY (id);


--
-- Name: gym_workouttype gym_workouttype_pkey; Type: CONSTRAINT; Schema: public; Owner: postgres
--

ALTER TABLE ONLY public.gym_workouttype
    ADD CONSTRAINT gym_workouttype_pkey PRIMARY KEY (id);


--
-- Name: auth_group_name_a6ea08ec_like; Type: INDEX; Schema: public; Owner: postgres
--

CREATE INDEX auth_group_name_a6ea08ec_like ON public.auth_group USING btree (name varchar_pattern_ops);


--
-- Name: auth_group_permissions_group_id_b120cbf9; Type: INDEX; Schema: public; Owner: postgres
--

CREATE INDEX auth_group_permissions_group_id_b120cbf9 ON public.auth_group_permissions USING btree (group_id);


--
-- Name: auth_group_permissions_permission_id_84c5c92e; Type: INDEX; Schema: public; Owner: postgres
--

CREATE INDEX auth_group_permissions_permission_id_84c5c92e ON public.auth_group_permissions USING btree (permission_id);


--
-- Name: auth_permission_content_type_id_2f476e4b; Type: INDEX; Schema: public; Owner: postgres
--

CREATE INDEX auth_permission_content_type_id_2f476e4b ON public.auth_permission USING btree (content_type_id);


--
-- Name: auth_user_groups_group_id_97559544; Type: INDEX; Schema: public; Owner: postgres
--

CREATE INDEX auth_user_groups_group_id_97559544 ON public.auth_user_groups USING btree (group_id);


--
-- Name: auth_user_groups_user_id_6a12ed8b; Type: INDEX; Schema: public; Owner: postgres
--

CREATE INDEX auth_user_groups_user_id_6a12ed8b ON public.auth_user_groups USING btree (user_id);


--
-- Name: auth_user_user_permissions_permission_id_1fbb5f2c; Type: INDEX; Schema: public; Owner: postgres
--

CREATE INDEX auth_user_user_permissions_permission_id_1fbb5f2c ON public.auth_user_user_permissions USING btree (permission_id);


--
-- Name: auth_user_user_permissions_user_id_a95ead1b; Type: INDEX; Schema: public; Owner: postgres
--

CREATE INDEX auth_user_user_permissions_user_id_a95ead1b ON public.auth_user_user_permissions USING btree (user_id);


--
-- Name: auth_user_username_6821ab7c_like; Type: INDEX; Schema: public; Owner: postgres
--

CREATE INDEX auth_user_username_6821ab7c_like ON public.auth_user USING btree (username varchar_pattern_ops);


--
-- Name: django_admin_log_content_type_id_c4bce8eb; Type: INDEX; Schema: public; Owner: postgres
--

CREATE INDEX django_admin_log_content_type_id_c4bce8eb ON public.django_admin_log USING btree (content_type_id);


--
-- Name: django_admin_log_user_id_c564eba6; Type: INDEX; Schema: public; Owner: postgres
--

CREATE INDEX django_admin_log_user_id_c564eba6 ON public.django_admin_log USING btree (user_id);


--
-- Name: django_session_expire_date_a5c62663; Type: INDEX; Schema: public; Owner: postgres
--

CREATE INDEX django_session_expire_date_a5c62663 ON public.django_session USING btree (expire_date);


--
-- Name: django_session_session_key_c0390e0f_like; Type: INDEX; Schema: public; Owner: postgres
--

CREATE INDEX django_session_session_key_c0390e0f_like ON public.django_session USING btree (session_key varchar_pattern_ops);


--
-- Name: gym_classregistration_client_id_1f79ceb0; Type: INDEX; Schema: public; Owner: postgres
--

CREATE INDEX gym_classregistration_client_id_1f79ceb0 ON public.gym_classregistration USING btree (client_id);


--
-- Name: gym_classregistration_workout_class_id_faa68215; Type: INDEX; Schema: public; Owner: postgres
--

CREATE INDEX gym_classregistration_workout_class_id_faa68215 ON public.gym_classregistration USING btree (workout_class_id);


--
-- Name: gym_clientmembership_client_id_56f1786a; Type: INDEX; Schema: public; Owner: postgres
--

CREATE INDEX gym_clientmembership_client_id_56f1786a ON public.gym_clientmembership USING btree (client_id);


--
-- Name: gym_clientmembership_membership_type_id_fdf538af; Type: INDEX; Schema: public; Owner: postgres
--

CREATE INDEX gym_clientmembership_membership_type_id_fdf538af ON public.gym_clientmembership USING btree (membership_type_id);


--
-- Name: gym_payment_client_id_6cbfad81; Type: INDEX; Schema: public; Owner: postgres
--

CREATE INDEX gym_payment_client_id_6cbfad81 ON public.gym_payment USING btree (client_id);


--
-- Name: gym_visit_client_id_7fc02e20; Type: INDEX; Schema: public; Owner: postgres
--

CREATE INDEX gym_visit_client_id_7fc02e20 ON public.gym_visit USING btree (client_id);


--
-- Name: gym_workoutclass_trainer_id_db1faf7b; Type: INDEX; Schema: public; Owner: postgres
--

CREATE INDEX gym_workoutclass_trainer_id_db1faf7b ON public.gym_workoutclass USING btree (trainer_id);


--
-- Name: gym_workoutclass_workout_type_id_ee7e7350; Type: INDEX; Schema: public; Owner: postgres
--

CREATE INDEX gym_workoutclass_workout_type_id_ee7e7350 ON public.gym_workoutclass USING btree (workout_type_id);


--
-- Name: auth_group_permissions auth_group_permissio_permission_id_84c5c92e_fk_auth_perm; Type: FK CONSTRAINT; Schema: public; Owner: postgres
--

ALTER TABLE ONLY public.auth_group_permissions
    ADD CONSTRAINT auth_group_permissio_permission_id_84c5c92e_fk_auth_perm FOREIGN KEY (permission_id) REFERENCES public.auth_permission(id) DEFERRABLE INITIALLY DEFERRED;


--
-- Name: auth_group_permissions auth_group_permissions_group_id_b120cbf9_fk_auth_group_id; Type: FK CONSTRAINT; Schema: public; Owner: postgres
--

ALTER TABLE ONLY public.auth_group_permissions
    ADD CONSTRAINT auth_group_permissions_group_id_b120cbf9_fk_auth_group_id FOREIGN KEY (group_id) REFERENCES public.auth_group(id) DEFERRABLE INITIALLY DEFERRED;


--
-- Name: auth_permission auth_permission_content_type_id_2f476e4b_fk_django_co; Type: FK CONSTRAINT; Schema: public; Owner: postgres
--

ALTER TABLE ONLY public.auth_permission
    ADD CONSTRAINT auth_permission_content_type_id_2f476e4b_fk_django_co FOREIGN KEY (content_type_id) REFERENCES public.django_content_type(id) DEFERRABLE INITIALLY DEFERRED;


--
-- Name: auth_user_groups auth_user_groups_group_id_97559544_fk_auth_group_id; Type: FK CONSTRAINT; Schema: public; Owner: postgres
--

ALTER TABLE ONLY public.auth_user_groups
    ADD CONSTRAINT auth_user_groups_group_id_97559544_fk_auth_group_id FOREIGN KEY (group_id) REFERENCES public.auth_group(id) DEFERRABLE INITIALLY DEFERRED;


--
-- Name: auth_user_groups auth_user_groups_user_id_6a12ed8b_fk_auth_user_id; Type: FK CONSTRAINT; Schema: public; Owner: postgres
--

ALTER TABLE ONLY public.auth_user_groups
    ADD CONSTRAINT auth_user_groups_user_id_6a12ed8b_fk_auth_user_id FOREIGN KEY (user_id) REFERENCES public.auth_user(id) DEFERRABLE INITIALLY DEFERRED;


--
-- Name: auth_user_user_permissions auth_user_user_permi_permission_id_1fbb5f2c_fk_auth_perm; Type: FK CONSTRAINT; Schema: public; Owner: postgres
--

ALTER TABLE ONLY public.auth_user_user_permissions
    ADD CONSTRAINT auth_user_user_permi_permission_id_1fbb5f2c_fk_auth_perm FOREIGN KEY (permission_id) REFERENCES public.auth_permission(id) DEFERRABLE INITIALLY DEFERRED;


--
-- Name: auth_user_user_permissions auth_user_user_permissions_user_id_a95ead1b_fk_auth_user_id; Type: FK CONSTRAINT; Schema: public; Owner: postgres
--

ALTER TABLE ONLY public.auth_user_user_permissions
    ADD CONSTRAINT auth_user_user_permissions_user_id_a95ead1b_fk_auth_user_id FOREIGN KEY (user_id) REFERENCES public.auth_user(id) DEFERRABLE INITIALLY DEFERRED;


--
-- Name: django_admin_log django_admin_log_content_type_id_c4bce8eb_fk_django_co; Type: FK CONSTRAINT; Schema: public; Owner: postgres
--

ALTER TABLE ONLY public.django_admin_log
    ADD CONSTRAINT django_admin_log_content_type_id_c4bce8eb_fk_django_co FOREIGN KEY (content_type_id) REFERENCES public.django_content_type(id) DEFERRABLE INITIALLY DEFERRED;


--
-- Name: django_admin_log django_admin_log_user_id_c564eba6_fk_auth_user_id; Type: FK CONSTRAINT; Schema: public; Owner: postgres
--

ALTER TABLE ONLY public.django_admin_log
    ADD CONSTRAINT django_admin_log_user_id_c564eba6_fk_auth_user_id FOREIGN KEY (user_id) REFERENCES public.auth_user(id) DEFERRABLE INITIALLY DEFERRED;


--
-- Name: gym_classregistration gym_classregistratio_workout_class_id_faa68215_fk_gym_worko; Type: FK CONSTRAINT; Schema: public; Owner: postgres
--

ALTER TABLE ONLY public.gym_classregistration
    ADD CONSTRAINT gym_classregistratio_workout_class_id_faa68215_fk_gym_worko FOREIGN KEY (workout_class_id) REFERENCES public.gym_workoutclass(id) DEFERRABLE INITIALLY DEFERRED;


--
-- Name: gym_classregistration gym_classregistration_client_id_1f79ceb0_fk_gym_client_id; Type: FK CONSTRAINT; Schema: public; Owner: postgres
--

ALTER TABLE ONLY public.gym_classregistration
    ADD CONSTRAINT gym_classregistration_client_id_1f79ceb0_fk_gym_client_id FOREIGN KEY (client_id) REFERENCES public.gym_client(id) DEFERRABLE INITIALLY DEFERRED;


--
-- Name: gym_client gym_client_user_id_1b1fb439_fk_auth_user_id; Type: FK CONSTRAINT; Schema: public; Owner: postgres
--

ALTER TABLE ONLY public.gym_client
    ADD CONSTRAINT gym_client_user_id_1b1fb439_fk_auth_user_id FOREIGN KEY (user_id) REFERENCES public.auth_user(id) DEFERRABLE INITIALLY DEFERRED;


--
-- Name: gym_clientmembership gym_clientmembership_client_id_56f1786a_fk_gym_client_id; Type: FK CONSTRAINT; Schema: public; Owner: postgres
--

ALTER TABLE ONLY public.gym_clientmembership
    ADD CONSTRAINT gym_clientmembership_client_id_56f1786a_fk_gym_client_id FOREIGN KEY (client_id) REFERENCES public.gym_client(id) DEFERRABLE INITIALLY DEFERRED;


--
-- Name: gym_clientmembership gym_clientmembership_membership_type_id_fdf538af_fk_gym_membe; Type: FK CONSTRAINT; Schema: public; Owner: postgres
--

ALTER TABLE ONLY public.gym_clientmembership
    ADD CONSTRAINT gym_clientmembership_membership_type_id_fdf538af_fk_gym_membe FOREIGN KEY (membership_type_id) REFERENCES public.gym_membershiptype(id) DEFERRABLE INITIALLY DEFERRED;


--
-- Name: gym_payment gym_payment_client_id_6cbfad81_fk_gym_client_id; Type: FK CONSTRAINT; Schema: public; Owner: postgres
--

ALTER TABLE ONLY public.gym_payment
    ADD CONSTRAINT gym_payment_client_id_6cbfad81_fk_gym_client_id FOREIGN KEY (client_id) REFERENCES public.gym_client(id) DEFERRABLE INITIALLY DEFERRED;


--
-- Name: gym_trainer gym_trainer_user_id_e40b2f12_fk_auth_user_id; Type: FK CONSTRAINT; Schema: public; Owner: postgres
--

ALTER TABLE ONLY public.gym_trainer
    ADD CONSTRAINT gym_trainer_user_id_e40b2f12_fk_auth_user_id FOREIGN KEY (user_id) REFERENCES public.auth_user(id) DEFERRABLE INITIALLY DEFERRED;


--
-- Name: gym_visit gym_visit_client_id_7fc02e20_fk_gym_client_id; Type: FK CONSTRAINT; Schema: public; Owner: postgres
--

ALTER TABLE ONLY public.gym_visit
    ADD CONSTRAINT gym_visit_client_id_7fc02e20_fk_gym_client_id FOREIGN KEY (client_id) REFERENCES public.gym_client(id) DEFERRABLE INITIALLY DEFERRED;


--
-- Name: gym_workoutclass gym_workoutclass_trainer_id_db1faf7b_fk_gym_trainer_id; Type: FK CONSTRAINT; Schema: public; Owner: postgres
--

ALTER TABLE ONLY public.gym_workoutclass
    ADD CONSTRAINT gym_workoutclass_trainer_id_db1faf7b_fk_gym_trainer_id FOREIGN KEY (trainer_id) REFERENCES public.gym_trainer(id) DEFERRABLE INITIALLY DEFERRED;


--
-- Name: gym_workoutclass gym_workoutclass_workout_type_id_ee7e7350_fk_gym_workouttype_id; Type: FK CONSTRAINT; Schema: public; Owner: postgres
--

ALTER TABLE ONLY public.gym_workoutclass
    ADD CONSTRAINT gym_workoutclass_workout_type_id_ee7e7350_fk_gym_workouttype_id FOREIGN KEY (workout_type_id) REFERENCES public.gym_workouttype(id) DEFERRABLE INITIALLY DEFERRED;


--
-- PostgreSQL database dump complete
--

\unrestrict 5tT4PbF4PO0ByNtFPdxn5r1YUzd3RDs8e7gjsKiaz9nW7mPxukFUDKSDjC2AQcl

